<?xml version="1.0" encoding="UTF-8"?>
<!DOCTYPE mapper PUBLIC "-//mybatis.org//DTD Mapper 3.0//EN" "http://mybatis.org/dtd/mybatis-3-mapper.dtd">
<mapper namespace="com.tykj.chest.mapper.ChestInfoMapper">
	
	<select id="selectChestInfoList" resultType="com.tykj.chest.entity.ChestInfo">
		select ChestInfo.Chest_ID as chestId,ChestInfo.Chest_Site as chestSite,ChestInfo.Chest_Type as chestType,
		ChestInfo.Chest_State chestState,
		IFNULL(ChestInfo.Chest_Remark,'') chestRemark,
		ChestInfo.Chest_GetDate chestGetdate,
		ChestInfo.Chest_OutDate chestOutdate,
		IFNULL(ChestInfo.User_ID,0) userId,
		IFNULL(ChestInfo.Chest_Random,0) chestRandom,
		IFNULL(ChestInfo.Chest_Longtime,0) chestLongtime,
		ifnull(ChestInfo.user_name,'') userName,
		ChestInfo.lockstatu lockstatu 
		from ChestInfo 
		order by ChestInfo.Chest_ID
	</select>
	
	<select id="getNullChest" resultType="com.tykj.chest.entity.ChestInfo">
		select ChestInfo.Chest_ID as chestId,ChestInfo.Chest_Site as chestSite,ChestInfo.Chest_Type as chestType,
		ChestInfo.Chest_State chestState,
		IFNULL(ChestInfo.Chest_Remark,'') chestRemark,
		ChestInfo.Chest_GetDate chestGetdate,
		ChestInfo.Chest_OutDate chestOutdate,
		IFNULL(ChestInfo.User_ID,0) userId,
		IFNULL(ChestInfo.Chest_Random,0) chestRandom,
		IFNULL(ChestInfo.Chest_Longtime,0) chestLongtime,
		ChestInfo.lockstatu lockstatu  
		from ChestInfo where Chest_State=0
	</select>
	
	<select id="getChestListByStatu" resultType="com.tykj.chest.entity.ChestInfo">
		select ChestInfo.Chest_ID as chestId,ChestInfo.Chest_Site as chestSite,ChestInfo.Chest_Type as chestType,
		ChestInfo.Chest_State chestState,
		IFNULL(ChestInfo.Chest_Remark,'') chestRemark,
		ChestInfo.Chest_GetDate chestGetdate,
		ChestInfo.Chest_OutDate chestOutdate,
		IFNULL(ChestInfo.User_ID,0) userId,
		IFNULL(ChestInfo.Chest_Random,0) chestRandom,
		IFNULL(ChestInfo.Chest_Longtime,0) chestLongtime,
		IFNULL(ChestInfo.user_name,'') userName,
		ChestInfo.lockstatu lockstatu 
		from ChestInfo where Chest_State=#{statu}
	</select>
	<select id="getChestListByUserId" resultType="com.tykj.chest.entity.ChestInfo">
		select ChestInfo.Chest_ID as chestId,ChestInfo.Chest_Site as chestSite,ChestInfo.Chest_Type as chestType,
		ChestInfo.Chest_State chestState,
		IFNULL(ChestInfo.Chest_Remark,'') chestRemark,
		ChestInfo.Chest_GetDate chestGetdate,
		ChestInfo.Chest_OutDate chestOutdate,
		IFNULL(ChestInfo.User_ID,0) userId,
		IFNULL(ChestInfo.Chest_Random,0) chestRandom,
		IFNULL(ChestInfo.Chest_Longtime,0) chestLongtime,
		IFNULL(ChestInfo.user_name,'') userName,
		ChestInfo.lockstatu lockstatu  
		from ChestInfo where User_ID=#{userId}
	</select>
	
	<update id="userRegistOut">
		update ChestInfo set User_ID=null,user_name=null,Chest_State=0,Chest_OutDate=null,Chest_GetDate=null,Chest_Random=null,Chest_Type=0,lockstatu=0  where Chest_ID=#{chestId}
	</update>
	<update id="changeChestTypeToShort">
		update ChestInfo set User_ID=null,user_name=null,Chest_State=0,Chest_OutDate=null,Chest_GetDate=null,Chest_Random=null,Chest_Type=0,lockstatu=0 where Chest_ID=#{chestId}
	</update>
	
	<update id="lockShortBoxes">
		update ChestInfo set lockstatu=1  where Chest_Type=0 and Chest_State=1
	</update>
	
	
	
</mapper>
